text,fontname
LOVE,Source Sans Pro Black.jpg
SUMMER SHADERS,Source Sans Pro Black.jpg
You’ve got this!,League Gothic Italic.jpg
ORDER HERE,GoodDog New Regular.jpg
Sign up Today,Lobster Regular.jpg
future CEO,PT Mono Regular.jpg
BALANCED LIFE,Bebas Neue Regular.jpg
it’s your Birthday,True North Inline Regular.jpg
"Hey, let’s go to the beach",Source Sans Pro Black.jpg
swipe up,Bebas Neue Regular.jpg
home office,Amatic SC Regular.jpg
Donate here,PT Mono Regular.jpg
New post,Source Sans Pro Black.jpg
SHOP NOW!,SirinStencil Regular.jpg
have an amazing day!,Permanent Marker.jpg
Well Done,Lobster Regular.jpg
Use less plastic,Amatic SC Regular.jpg
RISE GRIND,Oswald.jpg
NEW POST,Reross Rectangular.jpg
TREAT YO SELF!,League Gothic Italic.jpg
Good Luck,Cooper Std Black.jpg
Comment,Harman Sans Regular.jpg
Like,Harman Sans Regular.jpg
Subscribe,Harman Sans Regular.jpg
followers!,Brush Script Std Medium.jpg
Do something nice,GoodDog New Regular.jpg
Have a Groovy Day,GoodDog New Regular.jpg
CUTE,Poplar Std Black.jpg
Be kind to each other,Sail Regular.jpg
I LOVE ART,Gloria Hallelujah.jpg
NOPE,Cooper Std Black.jpg
Be kind to your mind,Nexa Rust Slab Black.jpg
Growth is the goal ,Nunito Regular.jpg
let’s learn!,Wanderlust Shine Regular.jpg
Learn Play Grow,Pacific Northwest Rough Regular.jpg
ASPEN—COLORADO,Playfair Display.jpg
Thank you,Graduate Regular.jpg
FORCE OF NATURE,Source Sans Pro Black.jpg
CONTACT US,Bebas Neue Regular.jpg
Oh yeah! Sign up is Free,Bellfort Regular.jpg
THAT’S MY BEST FRIEND!,Lato Bold.jpg
Feeling Stylish,Wanderlust Shine Regular.jpg
Career Advice For Beginners,PT Mono Regular.jpg
Season’s Greetings,Wanderlust Shine Regular.jpg
THE SEASON of JOY,Playfair Display.jpg
Merry & Bright,Nexa Rust Slab Black.jpg
happy hanukkah,Wanderlust Shine Regular.jpg
HOLIDAYS,Bellfort Regular.jpg
SEASON Sale,Source Sans Pro Black.jpg
JUNETEENTH,Poplar Std Black.jpg
I love you!,Pacific Northwest Rough Regular.jpg
HAPPY DIWALI,Abril Fatface.jpg
Shana Tova,Pacifico Regular.jpg
WE WISH YOU A VERY MERRY CHRISTMAS,Raleway Regular.jpg
HAPPY HOLIDAYS,Bellfort Thin.jpg
Eid Al-Fitr Mubarak,Harman Sans Regular.jpg
happy Diwali,Wanderlust Shine Regular.jpg
Festival of Lights,Lato Black Italic.jpg
HAPPY DIWALI ✦ HAPPY DIWALI ✦ HAPPY DIWALI ✦,Lato Black Italic.jpg
FELIZ NAVIDAD!,True North Inline Regular.jpg
Have a Blessed Eid!,Lobster Regular.jpg
Easter,Lobster Regular.jpg
Happy Mother’s Day,Josefin Slab Regular.jpg
COUNTDOWN TO 07 DAYS,Montserrat Regular.jpg
SPRING SPECIAL,Harman Sans Regular.jpg
Happy lunar new year,Abril Fatface.jpg
2022 Year of the tiger,PT Mono Regular.jpg
hello spring,Bellfort Thin.jpg
JOIN US TO CELEBRATE,Lato Bold.jpg
Festival of Lights,Kaushan Script Regular.jpg
Wishing you a wonderful new year to you and your family,Montserrat Regular.jpg
NEW YEAR,Abril Fatface.jpg
NATIONAL COCOA DAY,Bebas Neue Regular.jpg
Happy Hannukah,GoodDog New Regular.jpg
CAMP CLEARVIEW,Futura PT Medium.jpg
The Good Food Company,True North Inline Regular.jpg
brushstroke,Storybook Regular.jpg
Vintage Loops,Abril Fatface.jpg
SMALL BUSINESS FEATURE,Futura PT Medium.jpg
Dotty Clothing,Playfair Display.jpg
Elegant,Bickham Script Pro 3 Regular.jpg
POWER,Flood Std.jpg
THE GOURMET,Ultra Regular.jpg
Neighborhood Coalition,Source Sans Pro Black.jpg
East Chicago,Source Sans Pro Black.jpg
Phil Maple,Harman Sans Regular.jpg
Tree surgeon & Arborist,Economica Regular.jpg
The Shoe Cobbler,Bellfort Regular.jpg
Another Chance Foundation,Montserrat Regular.jpg
Collette,Wanderlust Shine Regular.jpg
Cakes & Bakes,Lobster Regular.jpg
The Happy Health Podcast,Source Sans Pro Black.jpg
FLYING WASPS,Nexa Rust Slab Black.jpg
VEGAN GELATO,Archivo Black.jpg
The Fresh GROCER,GoodDog New Regular.jpg
Rose Lilly,Storybook Regular.jpg
Kimberly Richards,Amatic SC Regular.jpg
WEDDING PLANNER & CONSULTANT,Lora Regular.jpg
THE FLORAL CREATIVE,Myriad Hebrew Bold.jpg
Flora Café,Playfair Display.jpg
BRUNCH & DINNER,Playfair Display.jpg
Floral Boutique ,Germania One.jpg
Evergreen,True North Inline Regular.jpg
The Book of SECRETS,Megrim Medium.jpg
Travel journal,Amatic SC Regular.jpg
How to use time blocking to beat procrastination,Lato Light.jpg
5 Low Impact Exercises,League Gothic Italic.jpg
MARKETING PROPOSAL,Raleway Black.jpg
The Business Post,Graduate Regular.jpg
8 IDEAS FOR A HEALTHY,Lora Regular.jpg
Anna green studios top,Raleway Black.jpg
5 DESIGN TIPS,Futura PT Medium.jpg
fresh.,Lora Regular.jpg
5 Questions You Need To Ask At A Job Interview,Futura PT Medium.jpg
Bar Manager,Abril Fatface.jpg
Abril Fatface,Bebas Neue Regular.jpg
HOW TO USE IT TO YOUR ADVANTAGE,Bebas Neue Regular.jpg
VEGAN FRIENDLY MENU,Bellfort Regular.jpg
EVEREST THE TALLEST MOUNTAIN IN THE WORLD,Playfair Display.jpg
ANALOG LIVING IN THE DIGITAL AGE,Playfair Display.jpg
New Styles,Lora Regular.jpg
COMING SOON!,Lato Bold.jpg
The ABC's of Growing Your First Garden,Ultra Regular.jpg
8 ICONIC MOMENTS FROM FASHION HISTORY,Source Sans Pro Black.jpg
OUR 7 FAVORITE SUPERFOODS,Lato Bold.jpg
& How We Like to Eat Them,Lato Light.jpg
Consistent On Social Media,Bebas Neue Regular.jpg
How to avoid distractions at work,Ultra Regular.jpg
The Backpack Chronicles,League Gothic Italic.jpg
Our adventures exploring South America,Lato Regular.jpg
START WITH THE BASICS,Economica Regular.jpg
Breaking News,Bebas Neue Regular.jpg
Congrats!,Storybook Regular.jpg
Thank you!,Pacifico Regular.jpg
I am capable of amazing things.,Lobster Regular.jpg
Nice Work!,True North Inline Regular.jpg
Love it!,Wanderlust Shine Regular.jpg
It’s a pleasure to meet you!,Myriad Hebrew Bold.jpg
Keep It Simple,Calluna Sans Italic.jpg
BE YOUR FAB SELF,Bebas Neue Regular.jpg
Fashion Queen,Lobster Regular.jpg
see the good in others,GoodDog New Regular.jpg
Trust the process,Alfarn Regular.jpg
THINK OUTSIDE OF THE BOX,Alfarn 2 Regular.jpg
Have a Great Day!,Yellowtail Regular.jpg
reset your mindset,Amatic SC Regular.jpg
Go Your Own Way,Kaushan Script Regular.jpg
be kind to your mind,Raleway Regular.jpg
forgive yourself,Flood Std.jpg
UNLOCK YOUR CREATIVITY,Ultra Regular.jpg
Self-care isn’t selfish,Yellowtail Regular.jpg
WORLD’S BEST MOM,Bebas Neue Regular.jpg
Think On The Brightside,Futura PT Medium.jpg
enjoy the little things,Yellowtail Regular.jpg
Congratulations to you!,Lato Italic.jpg
Family is forever,Pacific Northwest Rough Regular.jpg
Self-Care Sunday,Lobster Regular.jpg
Oh So Delicious!,Wanderlust Shine Regular.jpg
LOVE YOURSELF,Lato Light.jpg
Relax Refresh Reconnect,Storybook Regular.jpg
HAVE A GREAT DAY!,Local Brewery Four Regular.jpg
REACH NEW HEIGHTS,Harman Sans Regular.jpg
MISS YOU LOTS,Harman Sans Regular.jpg
Young. Wild. Free.,Source Sans Pro Black.jpg
Sleep Tight,Lobster Regular.jpg
out of office,Wanderlust Shine Regular.jpg
Be a nice human,Amatic SC Regular.jpg
DO NOT DISTURB,Amatic SC Regular.jpg
I’ll love you forever & ever!,Kaushan Script Regular.jpg
I hope you have an eggcellent day!,GoodDog New Regular.jpg
MEET THE TEAM,Source Sans Pro Black.jpg
FISHING & PIE,Harman Sans Regular.jpg
50% Off Sale,Old Standard TT Italic.jpg
Summer Sale,Permanent Marker.jpg
Starts Now!,Futura PT Medium.jpg
SHOP ONLINE NOW,Raleway Black.jpg
You’re invited,Storybook Regular.jpg
To celebrate the marriage of Sarah Stephenson & John Collins,Futura PT Medium.jpg
JOIN US IN CELEBRATING,Playfair Display.jpg
Friday Virtual Happy Hour,Harman Sans Regular.jpg
EMMA’S BIRTHDAY,Playfair Display.jpg
Movie Night,Utopia Std Black Headline.jpg
TONIGHT’S THEME: HORROR,Heebo Bold.jpg
Save the Date,Playfair Display.jpg
Weekend Hangout,Adobe Garamond Pro Italic.jpg
Baby Shower,Bickham Script Pro 3 Regular.jpg
Out Of Office,Bebas Neue Regular.jpg
Specials,Harman Sans Regular.jpg
Beef Lasagne,Montserrat Regular.jpg
Spaghetti Carbonara,Montserrat Regular.jpg
Pepperoni Pizza,Montserrat Regular.jpg
• EAST COAST •,Bebas Neue Regular.jpg
• HANDMADE IN CALIFORNIA •,Lora Regular.jpg
• Small Batch • Hand Crafted,Bellfort Regular.jpg
STRAWBERRY DREAMZ,Bebas Neue Regular.jpg
After Party,Yellowtail Regular.jpg
Opening hours,Pacific Northwest Rough Regular.jpg
She believed she could so she did.,Lora Regular.jpg
Let’s make this a day to remember,Raleway Regular.jpg
TURN YOUR DREAMS INTO PLANS,Amatic SC Regular.jpg
IF YOU ASK ME WHAT I WANT TO BE REMEMBERED FOR I WILL TELL YOU: THAT I  LIVED MY TRUTH,Old Standard TT Italic.jpg
To-do list!,Yellowtail Regular.jpg
Productive Things To Do,Playfair Display.jpg
Marketing Strategy,Bebas Neue Regular.jpg
Market research & Data collecting,Futura PT Medium.jpg
Competitors comparison & Market trends,Futura PT Medium.jpg
Setting goals & Choosing direction,Futura PT Medium.jpg
Drink coffee,Amatic SC Regular.jpg
Take a break,Amatic SC Regular.jpg
Take a nap,Amatic SC Regular.jpg
Dorm Pack List,Hobo Std Medium.jpg
BEDROOM,Hobo Std Medium.jpg
Choir Rocks,Sarina Regular.jpg
Reach for your goals,Bellfort Regular.jpg
WE GEOGRAPHY ,Reross Rectangular.jpg
Support One Another,Rokkitt Thin.jpg
Well Done Jake!,Pacifico Regular.jpg
MATH IS COOL,Cooper Std Black.jpg
We are the FUTURE,Pacific Northwest Rough Regular.jpg
History,Stencil Std Bold.jpg
Future Scientist,Amatic SC Regular.jpg
BACK TO SCHOOL,Gilbert Color Bold.jpg
Star Student,Lobster Regular.jpg
Keep it up,Lobster Regular.jpg
LEFT OVER LUNCHEON,Source Code Pro Bold.jpg
DAY AFTER THANKSGIVING,Source Code Pro Medium.jpg
NOVEMBER SCHEDULE,Bebas Neue Bold.jpg
KIDS ART NIGHTS,Source Code Pro Bold.jpg
PUMPKIN JAM,Source Code Pro Bold.jpg
CONCERT SERIES,Source Code Pro Bold.jpg
Learning is Cool,Bellfort Regular.jpg
Reading  is  cool!  ,Alfarn Regular.jpg
Students for Change,Bellfort Regular.jpg
Let’s learn,GoodDog New Regular.jpg
College Open Day,Quicksand Bold.jpg
Live Laugh Read,Pacific Northwest Rough Regular.jpg
Full-time or part-time college courses for ages 16+,Poppins.jpg
Student Of The Week,Pacifico Regular.jpg
Band Practice Rules!,Cooper Std Black.jpg
Parent Teacher Conference,Bebas Neue Regular.jpg
Science Superstar,Yellowtail Regular.jpg
Isabelle State High Prom,Bebas Neue Regular.jpg
Well Done Ella!,Wanderlust Shine Regular.jpg
Thanks teach!,Bebas Neue Regular.jpg
You’re the best,Pacifico Regular.jpg
Albert State Hackathon,Megrim Medium.jpg
Happy Reading,Pacifico Regular.jpg
I find my escape in hooks,Wanderlust Shine Regular.jpg
"If anyone needs me, I’ll be reading.",Amatic SC Regular.jpg
DOMINIC PUMA STATE HIGH,League Gothic Italic.jpg
"Dreams and stories are one in the same, one just happens to be written down",Amatic SC Regular.jpg
KINDERGARTEN GRADUATION,Source Sans Pro Black.jpg
YOU’RE THE STAR STUDENT,GoodDog New Regular.jpg
TRACK TEAM TRYOUTS,True North Inline Regular.jpg
EAGLE MOUNTAIN COLLEGE,Quicksand Bold.jpg
Mark,Pacifico Regular.jpg
Math Star Student,Local Brewery Four Regular.jpg
Lions FOOTBALL TEAM,League Gothic Italic.jpg
HIGH SCHOOL GRADUATION,Abril Fatface.jpg
QUIET PLEASE!,Abril Fatface.jpg
IT'S READING TIME,PT Mono Regular.jpg
Spirit Week,Permanent Marker.jpg
TALENT SHOW,Ultra Regular.jpg
FRIDAY NIGHT COMMUNITY HALL,Quicksand Bold.jpg
Blossom Elementary,Raleway Regular.jpg
STAR STUDENT,Bebas Neue Regular.jpg
A good book is all I need,Old Standard TT Italic.jpg
Love to Read,Amatic SC Regular.jpg
Well Done,Lobster Regular.jpg
PERFECT ATTENDANCE,Quicksand Bold.jpg
HOMECOMING,Abril Fatface.jpg
THEME: CELESTIAL,Lora Regular.jpg
GO TEAM!,League Gothic Italic.jpg
ALL STAR VIEWING PARTY,League Gothic Italic.jpg
Join us at MISSION HOLLOW PARK for an unforgettable night celebrating Americas favorite pasttime. ,League Gothic.jpg
Are you ready for Tax Season?,Lato Bold.jpg
Valencia Farms,Harman Sans Regular.jpg
MATH & BIOLOGY TUTORING,Lato Black Italic.jpg
Improve your level and your grades through one on one tutoring sessions,Lato Bold.jpg
Name the shapes,GoodDog New Regular.jpg
Draw a line between the word and shape,Quicksand Bold.jpg
Digital Marketing,Bebas Neue Regular.jpg
Schedule a Consultation Today!,Bebas Neue Regular.jpg
The digital landscape is always changing. Leave it to the professionals.,Futura PT Medium.jpg
Have a good weekend everyone!,Harman Sans Regular.jpg
Discount on our men’s winter jackets,Source Sans Pro Black.jpg
SEND ME ALL YOUR Q’S,Harman Sans Regular.jpg
Body by Tanya HIIT Classes,Bebas Neue Regular.jpg
Start Your Week Off Right!,Bebas Neue Regular.jpg
New Plant Haul,Wanderlust Shine Regular.jpg
Seeking a Rebrand for your business?,Bebas Neue Regular.jpg
Contact us today for a free consultation,Bebas Neue Regular.jpg
_SMALL BUSINESS SATURDAY,Montserrat Regular.jpg
20% OFF SITEWIDE,Montserrat Regular.jpg
Winbrook Daycare,Nexa Rust Slab Black.jpg
Why Us?,Nexa Rust Slab Black.jpg
Register Now,Nexa Rust Slab Black.jpg
Nexa Rust Slab Black,Nexa Rust Slab Black.jpg
Grow and Play All Day!,Lato Italic.jpg
Book Me for Your Wedding,Playfair Display.jpg
"When times are down,keep believing, keep working hard,and things will pick up.",Bebas Neue Regular.jpg
today is a great day to have a great day,Futura PT Medium.jpg
Positive thoughts,Playfair Display.jpg
Thinking of you always,Playfair Display.jpg
Timeline of Space Travel,Abril Fatface.jpg
The United States launches Explorer,Montserrat Regular.jpg
plant sale pop up,Lora Regular.jpg
YOU MAKE THE WORLD A BETTER PLACE,True North Inline Regular.jpg
Let’s talk!,Local Brewery Four Regular.jpg
What would you like to know?,Futura PT Medium.jpg
Type your questions here,Futura PT Medium.jpg
DELIVERY & TAKEOUT,Bebas Neue Regular.jpg
WE’RE OPEN,Bebas Neue Regular.jpg
SHOP THE NEW ARRIVALS,Lora Regular.jpg
Small business Saturday  Giveaway!,Quicksand Bold.jpg
Halloween Party,Lobster Regular.jpg
Ask Me Anything,Abril Fatface.jpg
ask me any question that pops into your head!,Bellfort Thin.jpg
Place Question Sticker Here,Bellfort Thin.jpg
Leeds Autos,Bebas Neue Regular.jpg
Premium Services ,Bellfort Thin.jpg
Get your free quote now,Bebas Neue Regular.jpg
Ask Me Anything,Stint Ultra Expanded.jpg
KEEP CALM,Cooper Std Black.jpg
PRIDE STREET CARNIVAL,Oswald Heavy.jpg
Celebrate Love,Yellowtail Regular.jpg
The Best,Cooper Std Black.jpg
BALLPARK SNACKS,Anton Regular.jpg
Name of Stadium,Lobster Regular.jpg
MY GO-TO warm-up,Birch Std Regular.jpg
FORWARD JOGGING,Josefin Slab Bold.jpg
SIDEWAYS JUMPING JACKS,Josefin Slab Bold.jpg
Fourth of July,Sarina-Regular.jpg
Lake Festival,Lato Regular.jpg
"Performances by your favorite bands, amazing food and a night to remember!",Lato Italic.jpg
Happy Independence Day,Bebas Neue Regular.jpg
"Stop in and try one of our Red, White & Blue Cupcakes",Yanone Kaffeesatz Regular.jpg
LET’S GO GIANTS!,Anton Regular.jpg
Baseball is back!,Pacifico Regular.jpg
New Season Try-Outs,League Gothic Italic.jpg
Now it's your turn to take Dad out to a ball game.,Quicksand.jpg
The Cell Cycle,Bungee-Regular.jpg
The Early Days Of Printing,Adobe Garamond Pro Bold.jpg
THE MESOPOTAMIAN TIMELINE,Alegreya SC Bold.jpg
Pizza Fractions,Gilbert Bold.jpg
Let’s divide the pizza into fractions,Open Sans Condensed Bold.jpg
Look at the pizza!,Gilbert Bold.jpg
Being smart about tax deductions,Bellfort Regular.jpg
Welcome to the Team! We’re So Glad to Have You.,Bebas Neue Regular.jpg
Sweet Treats,Pacifico Regular.jpg
Blend modes,League Gothic Italic.jpg
Reach for the stars!,Flood Std.jpg
Feel strong,Bebas Neue Regular.jpg
meows,Pacifico Regular.jpg
Join my mailing list,Merriweather-Italic.jpg
The Ultimate Weekend Sale!,Bellfort Regular.jpg
Color Festival,True North Inline Regular.jpg
SUMMER,Local Brewery Four Regular.jpg
BOOK REPORT,Josefin Slab Regular.jpg
Virtual Spirit Week,Pacifico Regular.jpg
Content Planning,Yellowtail Regular.jpg
Freelance Consultation,Bellfort Regular.jpg
get things done,Nexa Rust.jpg
Food Truck,Yellowtail Regular.jpg
JANE’S CAFE,Futura PT.jpg
Bake Sale,Lobster Regular.jpg
Engineering Careers Fair,Bellfort Regular.jpg
WE'RE HIRING,League Gothic Italic.jpg
can you guess were we are?,Bebas Neue Regular.jpg
deals in bloom,Yellowtail Regular.jpg
GET THE RETURNS YOU DESERVE,Bebas Neue Regular.jpg
HAPPY EASTER,Source Sans Pro.jpg
IT’S TIME TO CELEBRATE!,Montserrat Regular.jpg
HOPE YOUR DAY IS FILLED WITH LOTS OF HAPPINESS AND EGGS!,Montserrat Regular.jpg
Blow out sale,Flood Std.jpg
Have An Ice Cream On Us!,Source Sans Pro Black.jpg
Raffle Giveaway,GoodDog New Regular.jpg
Marietta Balmont,Pacifico Regular.jpg
Shop Well,Pacifico Regular.jpg
MADE FOR PEOPLE,Montserrat Regular.jpg
AND THAT'S ALL FOLKS,Abril Fatface.jpg
Check out our guide,Raleway Regular.jpg
Productivity Hack #2,Playfair Display.jpg
OUR GOAL,Bebas Neue Regular.jpg
A Green Future,Lato Bold.jpg
Marketing Goals Q2,Quicksand Bold.jpg
Develop Brand Awareness,Montserrat Regular.jpg
Increase Sales,Montserrat Regular.jpg
Do’s & Don’ts,Birch Std Regular.jpg
One Pager,Alegreya Regular.jpg
A very warm welcome,DM Sans.jpg
Let's get started,League Spartan.jpg
The future Is technology,Poppins.jpg
The Future Is Now.,Garet.jpg
Olivia Wilson,Eyesome Script.jpg
New Technology,Poppins.jpg
"Do what you can, with what you have, where you are.",Bernoru Condensed.jpg
It’s not faith in technology.,Poppins Medium.jpg
It’s faith in people.,Poppins Medium.jpg
Project Overview,Metanoia.jpg
The best is yet to come.,CMU Serif.jpg
Gratitude Journal,Roca One.jpg
Team  Retrospective,Telegraf.jpg
My To-do List,Garet.jpg
Product Marketing Brief,Questrial.jpg
Team Retro,TT Smalls.jpg
My Weekly Planner,Garet.jpg
How to Win Business Grants,Telegraf.jpg
Business  Brunch ,Telegraf.jpg
Make your house a home with color,Stadio Now Display.jpg
It’s time to double our efforts in helping the earth heal,Decalotype.jpg
Great Time,Sloop Script Pro.jpg
Quote of the day,The Seasons.jpg
I love where I am now;,DM Serif Display.jpg
valentine day's Pink lady,Anton Regular.jpg
come dine with us on February 14 and receive pink lady,Anton Regular.jpg
Happy Hour,Lucidity Expand.jpg
buy one and get one free,Catchy Mager.jpg
COMING SOON,Poppins.jpg
Stay Tuned,Gistesy.jpg
Life is better pink,Gladiola.jpg
Welcome August!,Bukhari Script.jpg
Enjoy the little things,Gistesy.jpg
Say Goodbye ,The Seasons.jpg
Whitening Serum,Feeling Passionate.jpg
Farmers market weekend,TT Trailers.jpg
You are free to believe.,Staatliches.jpg
Exercise your right to freedom of religion.,TT Firs Neue.jpg
How to build a memorable brand.,Noto Serif Display.jpg
the secret to long lasting brands,Garet.jpg
MEET The Team,Horizon.jpg
Open Volunteer,Hatton.jpg
move to help each other,Montserrat Regular.jpg
We are all wonderful,Black Mango.jpg
BE KIND TO YOUR MIND,Nectarine.jpg
Black Swan,Britannic.jpg
The Chop Shop,Brothers.jpg
meat market,Futura Script.jpg
Tim Hortons,Autograph.jpg
Ride Aware. Show You Care.,Futura Extra Bold Condensed Oblique.jpg
Who Cares?,Futura Extra Bold Condensed Oblique.jpg
"Beautiful World, Where Are You",ITC Ronda.jpg
Expand your opportunities,IvyMode Semi Bold.jpg
Your Best Summer Movie Value!,Van Dijk Bold.jpg
Coming to Superchannel,Repro Script.jpg
Forgotten Forests,Wulkan Display.jpg
End of the Plain Plane,Goudy Oldstyle.jpg
Think New Flavours,Felt Tip Roman.jpg
INSPIRED TO BE BETTER,Proxima Nova.jpg
NOBODY'S HOME RIGHT NOW,Proxima Nova.jpg
WE'VE JUST PUT DOWN FRESH ROOTS,Proxima Nova.jpg
DISCOVER A BETTER WAY TO LIVE,Proxima Nova.jpg
A Fluorescent Sky,Antarctica.jpg
Easier to travel anywhere,Centra No.2.jpg
food pact,Montserrat Regular.jpg
The Bird that rules the bourbon roost,Cloister.jpg
A healthy glass of water made healthier,Cloister.jpg
Save the teeth!,Cloister.jpg
Teeth don’t die a natural death,Cloister.jpg
I can't believe it!,Cloister.jpg
Semana Santa,bb-book B.jpg
Zayre 10th Birthday Sale,Peignot.jpg
Thrill of the Hunt,Taters.jpg
Index Gallery ,Vinila .jpg
Montauk,Canopée.jpg
Flushing,Salvaje Display.jpg
Chinatown,Zangezi Sans.jpg
Everywhere's a trip!,House Script.jpg
Luggage for explorers,House Script.jpg
The Catskills,University Roman.jpg
The Contest Is On!,Impact.jpg
Can you MOO?,Omnes.jpg
One Dark Night,Revue.jpg
 I Can Has Cheezburger.,Impact.jpg
Clearance sale before renovations,Helvetica Light.jpg
Move And Feel Better,Kaffeehaus .jpg
DOGGY STYLE!,Hobeaux.jpg
COMING SOON!,Hobeaux.jpg
COLOUR FILTERS,Columbus.jpg
The city that neversleeps still needs a way to,Quayside.jpg
wake up,Garage Gothic.jpg
Hot Baked Potatoes,Antique Olive.jpg
22nd Birthday Party,Angella White.jpg
Meet you before sunset,Selima.jpg
Help Us!,Cater One.jpg
WE ARE HIRING,Kanit SemiBold.jpg
Dream Jobs,Roboto Black.jpg
Have You Seen This Person?,Oswald.jpg
stop racisim,Montserrat Bold.jpg
fight for your rights,Kanit SemiBold.jpg
It's okay to ask for help,Yeseva One.jpg
Fight for women's rights,Covered By Your Grace.jpg
women can do Anything,Montserrat Bold.jpg
Support it!,Allison.jpg
Stop Wildlife  Crime,Montserrat Bold.jpg
MY SKIN IS NOT A WEAPON,Sinkin Sans Black.jpg
If you can dream it you can do it.,Staatliches.jpg
Memory of Love,Playlist.jpg
The Galaxy,Girassol.jpg
Dead Silence,Gilda Display.jpg
star Night,Metal Mania.jpg
Summer Hot Sale,Chewy.jpg
Buy 1 get 1 free,Chewy.jpg
Happy Mother's Day,Dellons Signature.jpg
Lunar New Year Bazaar,Prida01 Black.jpg
Celebrate Chinese New Year Together,Gotu.jpg
happy Chinese new year,Wild Month.jpg
Let's celebrate！,HammersmithOne.jpg
Happy Chinese New Year,Calistoga.jpg
Cyber Monday,Moonhouse.jpg
Prices up to 75% Off,Glacial Indifference.jpg
Time to bring anything and everything home,Anton Regular.jpg
If you can’t stop thinking about it… Buy it!,Bebas Neue Regular.jpg
United Student Allianc,Montserrat Bold.jpg
Adopt Don’t Buy,Knewave.jpg
Give Me Shelter,Sinkin Sans Black.jpg
Adopt A Puppy,Knewave.jpg
Please don't pass by an animal in need,Knewave.jpg
Stop Child Labor Now,HammersmithOne.jpg
"Every child deserves a better life, help them to have one.",HammersmithOne.jpg
Redeemed & Rejoicing,Satisfy.jpg
An event for the entire Family,HammersmithOne.jpg
The Annual Health Fair,Anton Regular.jpg
Wear Your Pride Weekend,Contrail One.jpg
Up to 50% Off,Fredoka One.jpg
Rock to Die,EDO SZ.jpg
Everything is possible.,Six Caps.jpg
Street Skateboarding Tournament,Hitch hike.jpg
Come and show your skills!,Hitch hike.jpg
Silent City,Moonhouse.jpg
Buy your tickets now!,Lacquer.jpg
Live Music,Lacquer.jpg
Rock to Die,Lacquer.jpg
Braised Prawns & Maple Salmon,Playlist.jpg
Your Personal Fitness Trainer,Raleway ExtraBold.jpg
Environmental Protection Conference,Six Caps.jpg
Grey Forest,Lacquer.jpg
Meet You Before Sunrise,Lora Regular.jpg
Meet You Before Sunrise,Arizonia.jpg
Horror Movie Night,2Dumb.jpg
Horror Movie Night,Petit Formal Script.jpg
The Great Boxing Day Sale,Neuton Cursive.jpg
Thanksgiving Special Dishes,Playlist.jpg
Young and Beautiful,Playlist.jpg
Makeup Sale!,Playlist.jpg
CITY SOUNDS,Bebas Neue Bold.jpg
ENTERTAINMENT PRESENTS,Bebas Neue Bold.jpg
ROCK NIGHT,Teko.jpg
ROCK NIGHT Festival,Streetbrush Regular.jpg
CARNIVAL,Sancreek.jpg
JAZZ,Homestead.jpg
~Music Festival~,MarkMyWords.jpg
MUSIC FESTIVAL,Germania One.jpg
ROAD CLOSED,Hardkaze.jpg
Miami Heat,BeyondTheMountains.jpg
Live in concert,Lemon Tuesday.jpg
DISCO CLASSICS,Woodwarrior.jpg
Dance the night away,Black Rose.jpg
CONCERT NIGHT,Waterlily.jpg
GIRLS NIGHT,EDO SZ.jpg
Valentine's Day,Streetbrush Regular.jpg
Craft workshop,Sevillana.jpg
MEN'S Day,EDO SZ.jpg
Celebration,Bakery.jpg
VIP PARTY,EDO SZ.jpg
HOPE,Bebas Neue Bold.jpg
True Love Knows No Bound,Charukola Unicode.jpg
PIANO CONCERT,EDO SZ.jpg
Title Cover,Streetbrush Regular.jpg
THE IMPERFECTIONS OF MEMORY,Bebas Neue Regular.jpg
Finding Your Inner Self,Futura Book.jpg
Motivational Self help book,Bebas Neue Light.jpg
GRATITUDE JOURNAL,Roboto.jpg
JOURNAL TO HELP OBTAIN JOY AND PEACE,Roboto Medium.jpg
Event Header,Black Rose.jpg
Pinata workshop,Flavors.jpg
THE BAND,EDO SZ.jpg
THE MYSTERY WOMAN,Futura Book.jpg
Meet the Spring,Oswald.jpg
NEED BETTER CREDIT?,Advent Pro Reqular.jpg
 WHITE AFFAIR,EDO SZ.jpg
Gender Reveal Party,BeyondTheMountains.jpg
You are invited!,Bebas Neue Light.jpg
Vegetables,Kaushan Script Regular.jpg
A Daughter Scorned,Puzzled Regular.jpg
BABY SHOWER,MagnoliaSky.jpg
Barbie Johnson's bridal tea party,Sacramento.jpg
HAPPY BIRTHDAY,MarkMyWords.jpg
my dear friend,MarkMyWords.jpg
We love you,MarkMyWords.jpg
My Love,Dynalight.jpg
ALONE,Jura.jpg
CLASSY DESIGNS,Playfair Display.jpg
SKIN CARE ROUTINES,Playfair Display.jpg
FASHION MAGAZINE,Raleway Regular.jpg
THE WAVE,Waterlily.jpg
Little Summer Chaser,EDO SZ.jpg
TALE OF THE DARK,Shlop.jpg
A STORY OF SHEER TERROR,Shlop.jpg
CIGAR AND WHISKEY,Kavoon.jpg
Women's Day,Rochester.jpg
The Ultimate Caribbean,Arizonia.jpg
TRAVEL GUIDE,Abyssinica SIL.jpg
GUITAR CONCERT,EDO SZ.jpg
Vintage Book,Sancreek.jpg
Godly Relationships,Allura.jpg
MARRIAGE TIPS FOR REAL LOVE,Effloresce.jpg
THE POWER OF NOW,Allerta Stencil Regular.jpg
TRAILS TO HEAVEN,Morganite Book.jpg
The Culture Map,BeyondTheMountains.jpg
as the earth split,Fixer Regular.jpg
HOW AI WILL CONTROL FUTURE,Intro.jpg
BREA  KING OLD HABITS,Fibre Vintage.jpg
The Creative Brain,Lifelogo.jpg
Lust Stories,Lifelogo.jpg
THE MASTER OF CHESS,Playfair Display.jpg
GET A BIBLE,Anton Regular.jpg
BLACK NIGHT,EDO SZ.jpg
THE CREATIVE PROCESS,League Spartan.jpg
WE MAKE YOUR LAWN PERFECT!,Amatic SC Regular.jpg
OOPS!,Devonshire.jpg
Manifesto,BeyondTheMountains.jpg
TRAILS,Morganite Book.jpg
ANCIENT HISTORY,Morganite Book.jpg
DRAWING BOOK FOR KIDS,Soft Sugar.jpg
WILLFUL Sin,Metal Mania.jpg
DIFFERENT STORY,Futura Book.jpg
ONE  HOUR WITH  JESUS,Fjalla One.jpg
Door to Dream The Success,Old Standard.jpg
Knocking,EDO SZ.jpg
THE INTERNATIONAL BEST SELLER,Abel Regular.jpg
FUTURE OF AI ROBOT,Intro.jpg
ROAD TO Freedom,Horizon Regular.jpg
THE LONELY TRAVELLER,Day Poster Black.jpg
LIGHT YOUR WORD,Bebas Neue Bold.jpg
TRANSFORM YOUR WORLD WITH LOVE,Open Sans.jpg
The Land Of The Past,Cinzel Decorative.jpg
Princess in waiting,Rochester.jpg
You're Invited to a cake tasting,Sacramento.jpg
Mommy is Having a Baby,Gloria Hallelujah.jpg
it's a Girl,Emilys Candy.jpg
Dreams & Schemes,MarkMyWords.jpg
Crystals Beyond,Cinzel Decorative.jpg
Enjoy learning,Benedict Regular.jpg
PIANO FOR BEGINNERS,Bebas Neue Bold.jpg
VINTAGE TALES,Caeldera.jpg
FAITH THAT CAN MOVE MOUNTAIN ,Old Standard.jpg
Faith that has not been tested is faith that cannot be trusted.,Dancing.jpg
VANILLA SKY,Poiret One.jpg
TRavel ASIA,Seven Monkey Fury.jpg
The WitcheS,Metal Mania.jpg
To the Moon & Back,Horizon Regular.jpg
HOW TO MAKE SUGAR FREE POPSICLES,Morganite Book.jpg
HOW INNOVATION WORKS,Akshar Unicode Regular.jpg
DRAGON STORIES,Sancreek.jpg
TROPICAL Plants,Poiret One.jpg
BLACK HOLE,Colus Regular.jpg
HALLOWEEN PARTY,EDO SZ.jpg
The Black Dove,Caeldera.jpg
ASTRA BOT,Strasua.jpg
THE GANG,Love Ya Like A Sister.jpg
SHARP SWORD ,Cinzel Decorative.jpg
RUNNING AGAINST TIME,Lifelogo.jpg
We Are What We WRITE,Love Ya Like A Sister.jpg
NEVER AGAIN,Raleway Regular.jpg
Fly Away,Nicocyan.jpg
THE LAST SYMBOL,Titania.jpg
drawn to the sky,Marguerite.jpg
30 Days of GRATITUDE,Amatic SC Regular.jpg
The CIRCLE,Lifelogo.jpg
THINK OF THESE THINGS,Playfair Display.jpg
#1 Best Selling Book,Playfair Display.jpg
Breath your Soul,Sacramento.jpg
Thoughts,Natalia.jpg
Light To Success,Mr Dafoe.jpg
CREATIVE IDEAS,Sunday.jpg
101 Real Food Recipes,Lifelogo.jpg
MUSHROOM FOREST,Fibre Vintage.jpg
Happy Thanksgiving,Lemon Tuesday.jpg
LET'S BE THANKFUL TOGETHER,Futura Book.jpg
WHAT'S IMPORTANT,League Spartan.jpg
JOIN NOW,Cabin.jpg
Tasty Food,Marguerite.jpg
Let's Travel,BeyondTheMountains.jpg
BOOK NOW 50% OFF,Cabin.jpg
Easter Egg Hunt,MagnoliaSky.jpg
thank you,BeyondTheMountains.jpg
FOR MAKING MY DAY  SO SPECIAL,Cicle.jpg
There is more in God for me.,Intro.jpg
MERRY CHRISTMAS,Bonveno.jpg
JOIN A CONNECT Group,Accidental Presidency.jpg
Happy Ramadan,Berkshire Swash.jpg
SPECIAL OFFERS,Roboto.jpg
OUT OF ORDER,Archivo Black.jpg
WE ARE HIRING,League Spartan.jpg
PLANNING YOUR HOLIDAYS,Roboto.jpg
POP UP,League Spartan.jpg
SHOP ALL OUR COLLECTION,League Spartan.jpg
Coffee Corner,MarkMyWords.jpg
20% Off ,Accidental Presidency.jpg
Happy Thanksgiving,Berkshire Swash.jpg
Fresh AND Natural  FISh Original ,BeyondTheMountains.jpg
ORDER FOR YOUR FISH TODAY,Fugaz One.jpg
OUR BEST  COLLECTION,League Spartan.jpg
DIGITAL MARKETING SESSION,League Spartan.jpg
Youth Day,Chicle.jpg
Torn But Not Broken,WC Mano Negra Bta.jpg
A Powerful Healing Event!,Raleway Regular.jpg
Everything for your Pet,Abel Regular.jpg
Best Selling Product,Rochester.jpg
FURNITURE FOR SALE,Bebas Neue Bold.jpg
Welcome,Pacifico Regular.jpg
April!,Oregano.jpg
Happy Friendship Day,Great Vibes.jpg
FAITH,Merienda One.jpg
Come Home to ULC,Variane Script.jpg
KEEP SMILING...,Emilys Candy.jpg
"THE PAIN YOU FEEL TODAY, WILL BE THE STRENGHT YOU FEEL TOMORROW, IF YOU WORKOUT EARNESTLY.",AnuDaw.jpg
This Weekend Only,Lemon Tuesday.jpg
chocolate brownies,Beach Resort.jpg
Today's Special Menu,Kaushan Script Regular.jpg
LABOR DAY,Sunday.jpg
BBQ PARTY,EDO SZ.jpg
TENNIS TOURNAMENT,Titania.jpg
SPECIAL DISCOUNT,Raleway Regular.jpg
Purple Smoke,Streetbrush Regular.jpg
MORNING,Roboto Medium.jpg
Coffee,Satisfy.jpg
Coffee Beans,Estonia.jpg
THE POWER CHANGE YOUR LIFE IF WITHIN YOU,Aleo Regular.jpg
Good night,Glook.jpg
GET READY TO SWEAT WITH THIS,Aleo Regular.jpg
10 MINUTE NEWBIE HIIT CARDIO WORKOUT,Abhaya Libre Regular.jpg
GENERAL MONEY SAVING TIPS,Homestead.jpg
HOW TO SAVE UP TO 2000$ IN A YEAR,Roboto Light.jpg
HOT WINGS,Bevan.jpg
Discover,Bernadette.jpg
Essential Products for Everyday Living,Accidental Presidency.jpg
12 WAYS TO SAVE MONEY EVERY MONTY,Roboto.jpg
EAT HEALTHY FEEL HAPPY,Waterlily.jpg
We know all about Nutrition and ready to share this Knowledge,Giordano Regular.jpg
YOUR SMART NUTRIRION,Giordano Regular.jpg
Be Yourself!,Caveat Brush.jpg
EVERYONE ELSE IS TAKEN,Merriweather Sans.jpg
Follow Your Dreams!,Jenna Sue.jpg
Who lives in harmony with himself lives in harmony with the universe.,Futura LT Light.jpg
MOMENTS OF HAPPINESS,Futura LT Light.jpg
travel guide,Variane Script.jpg
HOW TO WRITE YOUR FIRST BLOG POST,Sunday.jpg
32+ Ideas and Tips for your fist blog post,Roboto Light.jpg
10 STEP TO WRITE  A RIGHT BUSINESS PLAN,Bebas Neue Regular.jpg
Spring Cleaning,Sacramento.jpg
How to Simplify your life,Roboto.jpg
HOW TO GROW YOUR BLOG LIKE A BOSS,Aleo Regular.jpg
Morning Routine,Bernadette.jpg
27 DIY GIFTS FOR BIRTHDAY,Sunday.jpg
"Yesterday is not ours to recover, but tomorrow is ours to win or lose.",Pompiere.jpg
COMMUNITY MEETING,EDO SZ.jpg
Happy Mothers Day,Oklahoma.jpg
Every Mother is a Queen,Kontrapunkt Light.jpg
Organic food,Cabin Sketch.jpg
Every Grocery Supply you need,Yellowtail Regular.jpg
Fresh,Fibre Vintage.jpg
Happy Birthday,Lovers Quarrel.jpg
Holiday,Jenna Sue.jpg
The magic of the season is here!,League Spartan.jpg
Happy Mothers Day,Bakery.jpg
Get your mom  the sweetest flower ever !,Cinzel Decorative.jpg
best mom ever !,Cinzel Decorative.jpg
"Praise the Lord, my soul, and forget not all his benefits",Gloria Hallelujah.jpg
a light on my path.,Jenna Sue.jpg
Cake IS JUST A MEETING,Sacramento.jpg
See the Ability NOT THE Disability,Bakery.jpg
You are LimitLess,Horizon Regular.jpg
Keep Hope Alive,Benedict Regular.jpg
"All our dreams can come true, if we have the courage to pursue them.",Merienda One.jpg
You are celebrated and loved,Gochi Hand.jpg
"People may hear your words, but they feel your attitude.",Merienda One.jpg
Happy Birthday to Princess,Original Surfer.jpg
WEIGHT LOSS,Effloresce.jpg
SET GOALS NOW !!!!!,Accidental Presidency.jpg
START NOW !!!!!!!!!!,Accidental Presidency.jpg
Hiking Shoes,Titania.jpg
WORD OF THE DAY,Shermlock.jpg
TEACH ME,FEAST OF FLESH BB.jpg
special offer,New Day.jpg
Special Menu,Rakkas.jpg
Chicken Tacos,Marguerite.jpg
"Play by the rules, but be ferocious.",Lemon.jpg
Best Bags,Gladifilthefte.jpg
woman history month,WC Mano Negra Bta.jpg
happy HALLOWEEN,Shlop.jpg
Women's Day,Sacramento.jpg
AUTUMN SALE,Archivo Black.jpg
27 MODERN DESIGN INSPIRATIONS,Roboto.jpg
world coconut day,Amatic SC Regular.jpg
CHRISTMAS BAZAAR,Sunday.jpg
NEED A CAR?,Source Sans Pro Black.jpg
HOW TO STUDY FOR EXAMS,Futura Book.jpg
HOW TO KEEP YOUR PLANTS LIVING,Accidental Presidency.jpg
There's always a solution,WC Mano Negra Bta.jpg
If you think hard enough you'll find a way.,Stint Ultra Condensed.jpg
ROAD TRIPS,Noto Sans.jpg
MADE ECO-FRIENDLY,Noto Sans.jpg
Hello Autumn,MagnoliaSky.jpg
HALLOWEEN POTLUCK,Creepster.jpg
BRING SOMETHING TO SHARE,Roboto.jpg
NO ONE APPRECIATES THE VERY GENIUS OF YOUR CONVERSATION AS THE DOG DOES.,Allerta Stencil Regular.jpg
TIPS FOR HEALTHY HAIR AND SCALP,Bebas Neue Bold.jpg
Live Love Laugh,Puzzled Regular.jpg
New Summer Swimsuit,Ranga.jpg
Discount 50% off ,Ranga.jpg
BABY ON THE WAY!,Knewave.jpg
Get a Flat Belly in Just 4 Weeks,Bebas Neue Bold.jpg
Merry Christmas And Happy New Year,Alex Brush.jpg
Thanks Giving,Bangers.jpg
International WOMEN'S DAY,Raleway Regular.jpg
New Ice Cream Summer ,Diner.jpg
Back to School,Permanent Marker.jpg
UP TO 60% DISCOUNT,Gochi Hand.jpg
fashion style,Special Elite.jpg
HAPPY EARTH DAY,Outfit.jpg
Soul food,Bernadette.jpg
Healthy Smoothie Bowl Recipe,Oleo Script.jpg
10 FOOD STYLING TIPS,Bebas Neue Bold.jpg
"Do you believe in fairies?...If you believe, clap your hands! ",Merienda One.jpg
NATURAL REMEDIES FOR ANXIETY,Raleway Regular.jpg
Travel abroad,Rochester.jpg
STYLE & BEAUTY,Napo.jpg
TIPS TO MAKE LIFE STYLE BETTER,Open Sans.jpg
Keep the faith!,Alex Brush.jpg
Put The World On Mute,Aleo Regular.jpg
say yes!,Jenna Sue.jpg
THE OPENING WE WANT,Giordano Extra Bold.jpg
"BEER, DRINKS AND FOOD FREE DELIVERY SERVICE",Giordano Extra Bold.jpg
ORDER ONLINE NOW,Giordano Extra Bold.jpg
SPEEDY BURGERS,League Spartan.jpg
HOME DELIVERY SERVICE,League Spartan.jpg
ORDER ONLINE NOW ,League Spartan.jpg
HOME EDITION,League Spartan.jpg
DON'T RENOUNCE TO YOUR STEAK,Giordano Extra Bold.jpg
STEAK NIGHT,Oklahoma.jpg
have a break,Futura Book.jpg
taste it. enjoy it.,League Spartan.jpg
OPEN THE FUN,Accidental Presidency.jpg
DECORATE YOUR HOME THE EASY WAY,League Spartan.jpg
trivia night quiz time,Streetbrush Regular.jpg
HOLIDAY TOUR DESTINATION,Adigiana Extreme.jpg
AWARD NIGHT,Anton Regular.jpg
Together we can make changes for the better,Intro.jpg
Open donation,Raleway Regular.jpg
GOOD MORNING,Aleo Regular.jpg
HAVE A BEAUTIFUL DAY AND KEEP SMILING !!!!!,Aleo Regular.jpg
WE ARE HIRING,Fugaz One.jpg
Reading Club,Chopin.jpg
INSPIRING YOUNG READERS BY CLASSIC LITERATURE,Bebas Neue Bold.jpg
MODERN HOME,Open Sans.jpg
Happy New Year,Yesteryear.jpg
Endless Celebration,Raleway Regular.jpg
Join Us,Titania.jpg
WITHSTAND THE TIDE,Archivo Black.jpg
You Rich,Marguerite.jpg
TO TRAVEL,Covington.jpg
DON'T LIMIT YOUR CHALLENGES.,Belga.jpg
CHALLENGE YOUR LIMITS.,Belga.jpg
"Once you choose hope,anything is possible",Windsong.jpg
"HIKE MORE, worry less.",Bebas Neue Bold.jpg
TRICK OR TREAT,Liquidism.jpg
Blueberries Forever,Bakery.jpg
PODCAST SHOW,League Spartan.jpg
Birthday Venue,BeyondTheMountains.jpg
Please join us for Birthday party!,Great Vibes.jpg
SOCIAL MEDIA,League Spartan.jpg
Accelerate Your Online Presence.,League Spartan.jpg
Success is the sum of all efforts,Bebas Neue Regular.jpg
WHEN I AM WEAK HE IS STRONG,Patrick Hand.jpg
 Happy New Year,Pacifico Regular.jpg
WHISKEY,Bebas Neue Bold.jpg
COCKTAILS HOUR,League Spartan.jpg
BUY  1 GET 1 FREE,League Spartan.jpg
KEEP CALM AND CARRY ON MY WAYWARD SON,Morganite Book.jpg
YOUR BUSINESS SECRET TIPS,League Spartan.jpg
vincent parker,Bangers.jpg
HUMAN CAPACITY DEVELOP   WEALTH COACH   PERSONAL TRAINER,Noto Sans.jpg
Weekend Staycation,MarkMyWords.jpg
BOOK NOW,Bebas Neue Bold.jpg
Let's defeat Breast Cancer,Sacramento.jpg
FIGHT LIKE A STRONG WOMAN,Playfair Display.jpg
DREAMS  Come TRUE So Never Dreaming!,Playfair Display.jpg
Hello Autumn,Mistress Benedict Regular.jpg
WITHOUT RAIN NOTHING GROWS.,League Spartan.jpg
learn to embrace the storms of your life.,Bebas Neue Bold.jpg
Good Morning,Ruthie.jpg
-Let's Start Your Day-,Raleway Regular.jpg
BELIEVE IN YOURSELF,League Spartan.jpg
GRAND OPENING,League Spartan.jpg
weekend sale,Lifelogo.jpg
Party Night,Puzzled Regular.jpg
ALLOW YOUR light to shine BRIGHTLY,Rochester.jpg
NOW ACCEPTING NEW CLIENTS,Raleway Regular.jpg
Our Reputation Is Spotless,Raleway Regular.jpg
WE ARE GLAD YOU COULD MAKE IT.,Bebas Neue Regular.jpg
Welcome TO CHURCH,Puzzled Regular.jpg
Independence Day,Strasua.jpg
JOIN US FOR PARADE & FIREWORKS,Bebas Neue Regular.jpg
KWANZAA FESTIVAL,Kranky.jpg
FUN I MUSIC I FOOD,Crushed.jpg
FORESTS DAY,Fjalla One.jpg
NATIONAL DIABETES,League Spartan.jpg
Diabetes is not a death sentence!!,Aleo Light.jpg
RAP TRAP,WC Mano Negra Bta.jpg
RAP TRAP,Streetbrush Regular.jpg
ON ALL STREAMING PLATFORMS,Belga.jpg
STURM ROSE,Boston Traffic.jpg
CLOUD,Futura LT Light.jpg
white RAIN ,Streetbrush Regular.jpg
YoungKing,Turkishye.jpg
heart Mixtape,Turkishye.jpg
Kiss,Puzzled Regular.jpg
SELF,Belga.jpg
mixed compilation,Strasua.jpg
Lost in the World,Streetbrush Regular.jpg
Time Is Money,Puzzled Regular.jpg
CASH MONEY,Old Standard.jpg
Fantasy,MagnoliaSky.jpg
Broken Heart ,Puzzled Regular.jpg
Flaming Heart,Puzzled Regular.jpg
war apocalypse,Bebas Neue Regular.jpg
A Forgotten Memory,Stint Ultra Condensed.jpg
coFFee,Six Caps.jpg
Freshly Brewed,BeyondTheMountains.jpg
NEVER GIVE UP,Morganite Black.jpg
New Track,Streetbrush Regular.jpg
Who Want Smoke?,Lemon Tuesday.jpg
Album,Streetbrush Regular.jpg
the R&B mixtape,Comforter Brush.jpg
Good Morning,Marguerite.jpg
Happy Birthday Adam,Jenna Sue.jpg
HOPE,Comforter Brush.jpg
EXPLORE NOW,Accidental Presidency.jpg
Skylords,Streetbrush Regular.jpg
Heatin' Up,Streetbrush Regular.jpg
LET THEM KNOW,Anton Regular.jpg
NO FRIENDS,BM HANNA Regular.jpg
Love,Bernadette.jpg
DEEPER,Sveningsson.jpg
Diamond Lips,Streetbrush Regular.jpg
Step up,EDO SZ.jpg
STAY SAFE.,Intro.jpg
A Dying Mind,Liberation.jpg
we are engaged,Lemon Tuesday.jpg
Please join us for our engagement party in the honor of the loving couple,Alegreya Regular.jpg
Alone,Alex Brush.jpg
holy spirit,Fixer Regular.jpg
Travel BAG,Permanent Marker.jpg
Pray for Me,Puzzled Regular.jpg
Summer,Lemon Tuesday.jpg
SAVE OUR DATE,League Spartan.jpg
FRUIT HOUSE,Fugaz One.jpg
Pieces Don't  Fit,Blackout 2am.jpg
Sweet Heart ,Puzzled Regular.jpg
Back when,Horizon Regular.jpg
Life Hard,Great Vibes.jpg
SOFT MAN,Alata.jpg
LONER'S BLVD,Dodger Italic.jpg
FINESSE TRUTH,Dodger Italic.jpg
HEARTS & ROSES ,Cabin.jpg
Unconditional,Streetbrush Regular.jpg
Pure Coffee,Marguerite.jpg
Play To Win,Puzzled Regular.jpg
Fresh Fruits,Marguerite.jpg
Heart Broken,Cinzel Decorative.jpg
A Simple Goodbye,Allura.jpg
GOOD VIBES,Streetbrush Regular.jpg
DANCE PARTY,Advent Pro Regular.jpg
Eid Mubarak To All,Micedge.jpg
Sunset,Bonveno.jpg
Mafia Style,Natalia.jpg
Black Book,Allura.jpg
Sunday Service,League Spartan.jpg
SUMMER VIBES,Strasua.jpg
Save The Date,MagnoliaSky.jpg
Making Dollaz,Bebas Neue Regular.jpg
THE GOOD BOOK,True Typewriter.jpg
Lost,Black Rose.jpg
SPRING SALE,League Spartan.jpg
Death & Love,Streetbrush Regular.jpg
haunted house,Streetbrush Regular.jpg
Bonfire,Sacramento.jpg
HURRICANE RELIEF,League Spartan.jpg
Vintage Song,Puzzled Regular.jpg
STREETS AT NIGHT,Strasua.jpg
Heaven.,Streetbrush Regular.jpg
FULL MOON,Belga.jpg
Love & Hate,Mr Dafoe.jpg
URBAN SOUND,FREE FAT FONT Slanted.jpg
the irresistible Desserts,Puzzled Regular.jpg
ONLINE STUDY PLAN,Advent Pro Regular.jpg
our way to heaven,Horizon Regular.jpg
Hello SUMMER,Kavoon.jpg
NEEXY DIAMONDS,Anton Regular.jpg
ART FESTIVAL,Accidental Presidency.jpg
Heartly Welcome,Lemon Tuesday.jpg
Where Is The Love?,Streetbrush Regular.jpg
Believe,Streetbrush Regular.jpg
Valentine's Big Sale,Marguerite.jpg
Forgive Me,Puzzled Regular.jpg
RUN UP,Speedwaystar.jpg
ELECTRO TECHNO MUSIC,Moonhouse.jpg
always gold,Sacramento.jpg
HIDDEN SECRETS,Six Caps.jpg
Summer Discount,Marguerite.jpg
Heart Breaker,Lovers Quarrel.jpg
Happy Birthday,Marguerite.jpg
Guided Meditations,Puzzled Regular.jpg
Merry Christmas,Allura.jpg
Haunted Forest,Natalia.jpg
PIANO HEAVEN,Aleo Light.jpg
The Piano Masters,Aleo Light.jpg
HOLY SPIRIT,Bowlby One.jpg
GOOD OLD DAYS,League Spartan.jpg
City Night,Benedict Regular.jpg
Take care,Bebas Neue Bold.jpg
Death Note,Newrocker.jpg
skull rich die,Bebas Neue Bold.jpg
A Storm is Brewing,Trench.jpg
Real Love,Puzzled Regular.jpg
DANGER ZONE,Moonhouse.jpg
THE BUSINESS,League Spartan.jpg
CONNECT WITH ME ON SOCIAL MEDIA PLATFORMS,Source Sans Pro.jpg
COLOR MY WORLD,Woodwarrior.jpg
CREATIVE MINDS,Trench.jpg
MY Beats,Streetbrush Regular.jpg
World Theatre Day,Raleway Regular.jpg
Proud to be Irish,Chopin.jpg
Stone Brick,Streetbrush Regular.jpg
Love Kiss,Shermlock.jpg
Chalk Art,Caveat Brush.jpg
World in Conflict,Mistress Benedict Regular.jpg
NUCLEAR EXPLOSION,Bebas Neue Bold.jpg
Release Party,Chopin.jpg
GALAXY MIRAGE ROAD,Moonhouse.jpg
Nightmare,Streetbrush Regular.jpg
CLOUD MUSIC,Morganite Black.jpg
DARK SUNRISE,Permanent Marker.jpg
IS DEAD,WC Mano Negra Bta.jpg
LOST INSIDE,Teko.jpg
Let's read the word of God & grow deeper with JESUS!,Advent Pro Regular.jpg
STUDY PLAN,Advent Pro Regular.jpg
AFTER APOCALYPSE,Morganite Book.jpg
Rainbow WATERFALL,Strasua.jpg
Gospel Mix,Streetbrush Regular.jpg
COSMIC DUST,Futura LT Light.jpg
The power book,Primitive.jpg
THE PODCASTERS,League Spartan.jpg
Fresh Coffee one,BeyondTheMountains.jpg
OPEN ALL DAY,Six Caps.jpg
Walk to Ibiza,Lobster Two.jpg
TOTAL DESTRUCTION,Coda.jpg
ICE COLD,Futura LT Light.jpg
Brooklyn Bridge,Streetbrush Regular.jpg
Relax your mind,Rochester.jpg
Secrets,Streetbrush Regular.jpg
cracks,Streetbrush Regular.jpg
rear view,Star Avenue.jpg
stairway to heaven,Rosella Deco Regular.jpg
Where Is The Love?,Horizon Regular.jpg
BUILD IT LIKE..,Accidental Presidency.jpg
World in Conflict,Streetbrush Regular.jpg
NUCLEAR EXPLOSION,Futura Book.jpg
The Bird,Lifelogo.jpg
In the Desert,Federo.jpg
THE DIFFERENCE,Sveningsson.jpg
Dark Skull,Lemon Tuesday.jpg
THE PAPER HOUSE,EDO SZ.jpg
Tree of Life,Mr Dafoe.jpg
FLY BETTER,Homestead.jpg
WHITE STONE,Saira Stencil One.jpg
BLACK PANTHER,Titania.jpg
save the date,Jenna Sue.jpg
Happy New Year!,Windsong.jpg
hip hop,Tags Xtreme.jpg
EXPLORE WORLD.,League Spartan.jpg
Dark Rose,Puzzled Regular.jpg
DARK GRUNGE,Mansalva.jpg
Happy New Year!,WorklnProgress.jpg
Time Cop,Streetbrush Regular.jpg
Super Delicious,Caveat.jpg
Fish Curry,EDO SZ.jpg
In The Town,Intro Inline Regular.jpg
GOOD FRIDAY,League Spartan.jpg
THE BEST IN WEBSITES,Bebas Neue Bold.jpg
FOOTBALL GAME,EDO SZ.jpg
WE'VE MOVED,Roboto Medium.jpg
GAMING TIME,Moonhouse.jpg
- BEST GAMING CONTENT -,Strasua.jpg
TUNNELMOTIONS SMOKE,Giordano Extra Bold.jpg
NEW VIDEOS EVERY WEEK,Giordano Extra Bold.jpg
Valentine Night,MarkMyWords.jpg
 Thanks for subscribing!,Jenna Sue.jpg
FOREST SOUL,Cabin.jpg
MORNING TALKS,Bowlby One.jpg
All you need is an ICE CREAM,Pompiere.jpg
A Place For Fun Learning,Bebas Neue Bold.jpg
Different perspectives and a variety of topics for all moms.,Fjalla One.jpg
Happy Liberation Day,Mr Dafoe.jpg
Delicious Bread,BeyondTheMountains.jpg
Mango juice,MarkMyWords.jpg
"Fresh, Sweet, and Cold",MarkMyWords.jpg
ROAD TO SUCCESS,Roboto.jpg
HOW TO MAKE YOUR DREAMS COME TRUE,Roboto Medium.jpg
PERSONAL FINANCE,Fugaz One.jpg
Finding Your Inner Self,Futura Book.jpg
motivational Self help book,Bebas Neue Light.jpg
Have a dream,Mouse Memoirs.jpg
make a plan,Intro.jpg
You'll get there,Nixie One.jpg
White and black lighthouse,Accidental Presidency.jpg
YOUR SOCIAL MEDIA MARKETING,Federo.jpg
Take a break,Bebas Neue Bold.jpg
ENJOY OUR COFFEE,League Spartan.jpg
ARTIFICIAL INTELLIGENCE,Roboto.jpg
PALM SUNDAY,Aleo Light.jpg
CAT FOOD,Lemon.jpg
Super Delicious ,Lemon.jpg
Need a vacation?,Vesper Libre.jpg
We serve best,Roboto.jpg
NEW ARRIVALS,Archivo Black.jpg
DISCOVER THE TRUE STREET FASHION,Futura Book.jpg
FREE FIRST CLASS,Bebas Neue Bold.jpg
YOGA CLASSES,Accidental Presidency.jpg
Love is in the Air,Lifelogo.jpg
Ice Cream Social,Lemon Tuesday.jpg
WINTER CHOCOLATE CAKE,EDO SZ.jpg
CHERRY CHOCOLATE CAKE,Morganite Book.jpg
Strawberry Waffles,Sevillana.jpg
SCIENCE IN THE FUTURE,Bebas Neue Bold.jpg
Let's Get Connected,BeyondTheMountains.jpg
SWEET AMERICAN WAFFLES,Barrio Regular.jpg
DO NOT PASS,Roboto.jpg
WORK IN PROGRESS,League Spartan.jpg
HELP WANTED,Archivo Black.jpg
PLEASE DON'T BLOCK DRIVEWAY,Saira Stencil One.jpg
COFFEE HOUSE,Raleway Regular.jpg
Garden City,Streetbrush Regular.jpg
GROCERY STORES,Raleway Regular.jpg
Can't stop us from raising the bar.,Archivo Black.jpg
GOLDEN PARTY,Cabin.jpg
WRITE THE GOLDEN TAGLINE,League Spartan.jpg
MUSIC FESTIVAL,Mallanna.jpg
A SPECIAL GIFT,Blackout Midnight.jpg
SUPER BOWL,League Spartan.jpg
hello summer!,BeyondTheMountains.jpg
sunshine on my mind,Outfit.jpg
Season's Greetings !,Marguerite.jpg
Gift Voucher,Alex Brush.jpg
let your success,Atma Light.jpg
WORK HARD IN SILENCE,League Spartan.jpg
 BE THE NOISE.,League Spartan.jpg
enjoy your stay!,Satisfy.jpg
fall activities,Gemerald.jpg
"GAMES, DRINK AND PARTY",Outfit.jpg
Let's stay home,Natalia.jpg
SOCIAL MEDIA PROPOSAL,Oswald.jpg
